opsmonkey,OpsmonkeyMail@collab.net
dsmoke,dsmoke@collab.net
kadhiravan,kadhiravan@collab.net
kanagaraj,kanagaraj@collab.net
keerthiraja_cn,keerthiraja@collab.net
keerthi,keerthiraja@collab.net
logarajan,logarajan@collab.net
murali,murali@collab.net
ramkumar_cn,ramkumar@collab.net
ramkumar,ramkumar@collab.net
mramkumar,mramkumar@collab.net
rgee,rgee@collab.net
sadiq,sadiq@collab.net
sadiq_cn,sadiq@collab.net
sperumal,sperumal@collab.net
vijayakumar,vijayakumar@collab.net
